/* 
 * Copyright (C) 2018 abels
 *
 * This program is free software: you can redistribute it and/or modify
 * it under the terms of the GNU General Public License as published by
 * the Free Software Foundation, either version 3 of the License, or
 * (at your option) any later version.
 *
 * This program is distributed in the hope that it will be useful,
 * but WITHOUT ANY WARRANTY; without even the implied warranty of
 * MERCHANTABILITY or FITNESS FOR A PARTICULAR PURPOSE.  See the
 * GNU General Public License for more details.
 *
 * You should have received a copy of the GNU General Public License
 * along with this program.  If not, see <http://www.gnu.org/licenses/>.
 */
INSERT INTO community (ID, AUTOGENERATE_MATCHES, AUTORELEASE_ROUNDS, NAME, SCORE_CORRECT_TIP, SCORE_CORRECT_TREND, SCORE_CORRECT_WINNER, SHORTNAME, TITLE) VALUES (1, TRUE, TRUE, 'Abels WM Tippspiel 2018', 1, 1, 1, 'Abels WM 2018', 'Abels WM Tippspiel 2018');
INSERT INTO competition (ID, EXTERNALID, FLAGS_PATH, IMAGE_PATH, NAME, POINTS_DRAW, POINTS_WIN, SHORTNAME, SORT_ORDER, TITLE) VALUES (1, null, '', '', 'Weltmeisterschaft 2018', 1, 3, 'WM 2018', 10, 'Weltmeisterschaft 2018');
INSERT INTO community_competition (community_id, competition_id) VALUES (1, 1);

INSERT INTO t_group (id, competition_fk, name, sort_order) VALUES(1, 1, 'Gruppe A', 10);
INSERT INTO t_group (id, competition_fk, name, sort_order) VALUES(2, 1, 'Gruppe B', 20);
INSERT INTO t_group (id, competition_fk, name, sort_order) VALUES(3, 1, 'Gruppe C', 30);
INSERT INTO t_group (id, competition_fk, name, sort_order) VALUES(4, 1, 'Gruppe D', 40);
INSERT INTO t_group (id, competition_fk, name, sort_order) VALUES(5, 1, 'Gruppe E', 50);
INSERT INTO t_group (id, competition_fk, name, sort_order) VALUES(6, 1, 'Gruppe F', 60);
INSERT INTO t_group (id, competition_fk, name, sort_order) VALUES(7, 1, 'Gruppe G', 70);
INSERT INTO t_group (id, competition_fk, name, sort_order) VALUES(8, 1, 'Gruppe H', 80);

INSERT INTO t_round (id, competition_fk, approved, name, sort_order) VALUES(1, 1, TRUE, 'Vorrunde', 10);
INSERT INTO t_round (id, competition_fk, approved, name, sort_order) VALUES(2, 1, TRUE, 'Achtelfinale', 20);
INSERT INTO t_round (id, competition_fk, approved, name, sort_order) VALUES(3, 1, TRUE, 'Viertelfinale', 30);
INSERT INTO t_round (id, competition_fk, approved, name, sort_order) VALUES(4, 1, TRUE, 'Halbfinale', 40);
INSERT INTO t_round (id, competition_fk, approved, name, sort_order) VALUES(5, 1, TRUE, 'Spiel um Platz 3', 50);
INSERT INTO t_round (id, competition_fk, approved, name, sort_order) VALUES(6, 1, TRUE, 'Finale', 60);

INSERT INTO team (id, goal_difference, goals_conceeded, goals_scored, IS_NULL, matches_finished, name, points, t_state, t_won, url_flag_image, url_info, group_fk) VALUES(1, 0, 0, 0, FALSE, 0, 'Russland', 0, 0, FALSE, 'rus.png', 'http://de.fifa.com/worldcup/teams/team=43965/index.html', 1);
INSERT INTO team (id, goal_difference, goals_conceeded, goals_scored, IS_NULL, matches_finished, name, points, t_state, t_won, url_flag_image, url_info, group_fk) VALUES(2, 0, 0, 0, FALSE, 0, 'Saudi Arabien', 0, 0, FALSE, 'ksa.png', 'http://de.fifa.com/worldcup/teams/team=43835/index.html', 1);
INSERT INTO team (id, goal_difference, goals_conceeded, goals_scored, IS_NULL, matches_finished, name, points, t_state, t_won, url_flag_image, url_info, group_fk) VALUES(3, 0, 0, 0, FALSE, 0, 'Ägypten', 0, 0, FALSE, 'egy.png', 'http://de.fifa.com/worldcup/teams/team=43855/index.html', 1);
INSERT INTO team (id, goal_difference, goals_conceeded, goals_scored, IS_NULL, matches_finished, name, points, t_state, t_won, url_flag_image, url_info, group_fk) VALUES(4, 0, 0, 0, FALSE, 0, 'Uruguay', 0, 0, FALSE, 'uru.png', 'http://de.fifa.com/worldcup/teams/team=43930/index.html', 1);
INSERT INTO team (id, goal_difference, goals_conceeded, goals_scored, IS_NULL, matches_finished, name, points, t_state, t_won, url_flag_image, url_info, group_fk) VALUES(5, 0, 0, 0, FALSE, 0, 'Portugal', 0, 0, FALSE, 'por.png', 'http://de.fifa.com/worldcup/teams/team=43963/index.html', 2);
INSERT INTO team (id, goal_difference, goals_conceeded, goals_scored, IS_NULL, matches_finished, name, points, t_state, t_won, url_flag_image, url_info, group_fk) VALUES(6, 0, 0, 0, FALSE, 0, 'Spanien', 0, 0, FALSE, 'esp.png', 'http://de.fifa.com/worldcup/teams/team=43969/index.html', 2);
INSERT INTO team (id, goal_difference, goals_conceeded, goals_scored, IS_NULL, matches_finished, name, points, t_state, t_won, url_flag_image, url_info, group_fk) VALUES(7, 0, 0, 0, FALSE, 0, 'Marocco', 0, 0, FALSE, 'mar.png', 'http://de.fifa.com/worldcup/teams/team=43872/index.html', 2);
INSERT INTO team (id, goal_difference, goals_conceeded, goals_scored, IS_NULL, matches_finished, name, points, t_state, t_won, url_flag_image, url_info, group_fk) VALUES(8, 0, 0, 0, FALSE, 0, 'Iran', 0, 0, FALSE, 'irn.png', 'http://de.fifa.com/worldcup/teams/team=43817/index.html', 2);
INSERT INTO team (id, goal_difference, goals_conceeded, goals_scored, IS_NULL, matches_finished, name, points, t_state, t_won, url_flag_image, url_info, group_fk) VALUES(9, 0, 0, 0, FALSE, 0, 'Frankreich', 0, 0, FALSE, 'fra.png', 'http://de.fifa.com/worldcup/teams/team=43946/index.html', 3);
INSERT INTO team (id, goal_difference, goals_conceeded, goals_scored, IS_NULL, matches_finished, name, points, t_state, t_won, url_flag_image, url_info, group_fk) VALUES(10, 0, 0, 0, FALSE, 0, 'Australien', 0, 0, FALSE, 'aus.png', 'http://de.fifa.com/worldcup/teams/team=43976/index.html', 3);
INSERT INTO team (id, goal_difference, goals_conceeded, goals_scored, IS_NULL, matches_finished, name, points, t_state, t_won, url_flag_image, url_info, group_fk) VALUES(11, 0, 0, 0, FALSE, 0, 'Peru', 0, 0, FALSE, 'per.png', 'http://de.fifa.com/worldcup/teams/team=43929/index.html', 3);
INSERT INTO team (id, goal_difference, goals_conceeded, goals_scored, IS_NULL, matches_finished, name, points, t_state, t_won, url_flag_image, url_info, group_fk) VALUES(12, 0, 0, 0, FALSE, 0, 'Dänemark', 0, 0, FALSE, 'den.png', 'http://de.fifa.com/worldcup/teams/team=43941/index.html', 3);
INSERT INTO team (id, goal_difference, goals_conceeded, goals_scored, IS_NULL, matches_finished, name, points, t_state, t_won, url_flag_image, url_info, group_fk) VALUES(13, 0, 0, 0, FALSE, 0, 'Argentinien', 0, 0, FALSE, 'arg.png', 'http://de.fifa.com/worldcup/teams/team=43922/index.html', 4);
INSERT INTO team (id, goal_difference, goals_conceeded, goals_scored, IS_NULL, matches_finished, name, points, t_state, t_won, url_flag_image, url_info, group_fk) VALUES(14, 0, 0, 0, FALSE, 0, 'Island', 0, 0, FALSE, 'isl.png', 'http://de.fifa.com/worldcup/teams/team=43951/index.html', 4);
INSERT INTO team (id, goal_difference, goals_conceeded, goals_scored, IS_NULL, matches_finished, name, points, t_state, t_won, url_flag_image, url_info, group_fk) VALUES(15, 0, 0, 0, FALSE, 0, 'Kroatien', 0, 0, FALSE, 'cro.png', 'http://de.fifa.com/worldcup/teams/team=43938/index.html', 4);
INSERT INTO team (id, goal_difference, goals_conceeded, goals_scored, IS_NULL, matches_finished, name, points, t_state, t_won, url_flag_image, url_info, group_fk) VALUES(16, 0, 0, 0, FALSE, 0, 'Nigeria', 0, 0, FALSE, 'nga.png', 'http://de.fifa.com/worldcup/teams/team=43876/index.html', 4);
INSERT INTO team (id, goal_difference, goals_conceeded, goals_scored, IS_NULL, matches_finished, name, points, t_state, t_won, url_flag_image, url_info, group_fk) VALUES(17, 0, 0, 0, FALSE, 0, 'Brasilien', 0, 0, FALSE, 'bra.png', 'http://de.fifa.com/worldcup/teams/team=43924/index.html', 5);
INSERT INTO team (id, goal_difference, goals_conceeded, goals_scored, IS_NULL, matches_finished, name, points, t_state, t_won, url_flag_image, url_info, group_fk) VALUES(18, 0, 0, 0, FALSE, 0, 'Schweiz', 0, 0, FALSE, 'sui.png', 'http://de.fifa.com/worldcup/teams/team=43971/index.html', 5);
INSERT INTO team (id, goal_difference, goals_conceeded, goals_scored, IS_NULL, matches_finished, name, points, t_state, t_won, url_flag_image, url_info, group_fk) VALUES(19, 0, 0, 0, FALSE, 0, 'Costa Rica', 0, 0, FALSE, 'crc.png', 'http://de.fifa.com/worldcup/teams/team=43901/index.html', 5);
INSERT INTO team (id, goal_difference, goals_conceeded, goals_scored, IS_NULL, matches_finished, name, points, t_state, t_won, url_flag_image, url_info, group_fk) VALUES(20, 0, 0, 0, FALSE, 0, 'Serbien', 0, 0, FALSE, 'srb.png', 'http://de.fifa.com/worldcup/teams/team=1902465/index.html', 5);
INSERT INTO team (id, goal_difference, goals_conceeded, goals_scored, IS_NULL, matches_finished, name, points, t_state, t_won, url_flag_image, url_info, group_fk) VALUES(21, 0, 0, 0, FALSE, 0, 'Deutschland', 0, 0, FALSE, 'ger.png', 'http://de.fifa.com/worldcup/teams/team=43948/index.html', 6);
INSERT INTO team (id, goal_difference, goals_conceeded, goals_scored, IS_NULL, matches_finished, name, points, t_state, t_won, url_flag_image, url_info, group_fk) VALUES(22, 0, 0, 0, FALSE, 0, 'Mexiko', 0, 0, FALSE, 'mex.png', 'http://de.fifa.com/worldcup/teams/team=43911/index.html', 6);
INSERT INTO team (id, goal_difference, goals_conceeded, goals_scored, IS_NULL, matches_finished, name, points, t_state, t_won, url_flag_image, url_info, group_fk) VALUES(23, 0, 0, 0, FALSE, 0, 'Schweden', 0, 0, FALSE, 'swe.png', 'http://de.fifa.com/worldcup/teams/team=43970/index.html', 6);
INSERT INTO team (id, goal_difference, goals_conceeded, goals_scored, IS_NULL, matches_finished, name, points, t_state, t_won, url_flag_image, url_info, group_fk) VALUES(24, 0, 0, 0, FALSE, 0, 'Südkorea', 0, 0, FALSE, 'kor.png', 'http://de.fifa.com/worldcup/teams/team=43822/index.html', 6);
INSERT INTO team (id, goal_difference, goals_conceeded, goals_scored, IS_NULL, matches_finished, name, points, t_state, t_won, url_flag_image, url_info, group_fk) VALUES(25, 0, 0, 0, FALSE, 0, 'Belgien', 0, 0, FALSE, 'bel.png', 'http://de.fifa.com/worldcup/teams/team=43935/index.html', 7);
INSERT INTO team (id, goal_difference, goals_conceeded, goals_scored, IS_NULL, matches_finished, name, points, t_state, t_won, url_flag_image, url_info, group_fk) VALUES(26, 0, 0, 0, FALSE, 0, 'Panama', 0, 0, FALSE, 'pan.png', 'http://de.fifa.com/worldcup/teams/team=43914/index.html', 7);
INSERT INTO team (id, goal_difference, goals_conceeded, goals_scored, IS_NULL, matches_finished, name, points, t_state, t_won, url_flag_image, url_info, group_fk) VALUES(27, 0, 0, 0, FALSE, 0, 'Tunesien', 0, 0, FALSE, 'tun.png', 'http://de.fifa.com/worldcup/teams/team=43888/index.html', 7);
INSERT INTO team (id, goal_difference, goals_conceeded, goals_scored, IS_NULL, matches_finished, name, points, t_state, t_won, url_flag_image, url_info, group_fk) VALUES(28, 0, 0, 0, FALSE, 0, 'England', 0, 0, FALSE, 'eng.png', 'http://de.fifa.com/worldcup/teams/team=43942/index.html', 7);
INSERT INTO team (id, goal_difference, goals_conceeded, goals_scored, IS_NULL, matches_finished, name, points, t_state, t_won, url_flag_image, url_info, group_fk) VALUES(29, 0, 0, 0, FALSE, 0, 'Polen', 0, 0, FALSE, 'pol.png', 'http://de.fifa.com/worldcup/teams/team=43962/index.html', 8);
INSERT INTO team (id, goal_difference, goals_conceeded, goals_scored, IS_NULL, matches_finished, name, points, t_state, t_won, url_flag_image, url_info, group_fk) VALUES(30, 0, 0, 0, FALSE, 0, 'Senegal', 0, 0, FALSE, 'sen.png', 'http://de.fifa.com/worldcup/teams/team=43879/index.html', 8);
INSERT INTO team (id, goal_difference, goals_conceeded, goals_scored, IS_NULL, matches_finished, name, points, t_state, t_won, url_flag_image, url_info, group_fk) VALUES(31, 0, 0, 0, FALSE, 0, 'Kolumbien', 0, 0, FALSE, 'col.png', 'http://de.fifa.com/worldcup/teams/team=43926/index.html', 8);
INSERT INTO team (id, goal_difference, goals_conceeded, goals_scored, IS_NULL, matches_finished, name, points, t_state, t_won, url_flag_image, url_info, group_fk) VALUES(32, 0, 0, 0, FALSE, 0, 'Japan', 0, 0, FALSE, 'jpn.png', 'http://de.fifa.com/worldcup/teams/team=43819/index.html', 8);

INSERT INTO t_match (id, competition_fk, auto_knockout_pos_team_one_fk, auto_knockout_pos_team_two_fk, auto_knockout_group_team_one_fk, auto_knockout_group_team_two_fk, auto_knockout_team_one_fk, auto_knockout_team_two_fk, description, goals_team_one, goals_team_two, name, start_date, Status, ticker_match_id, ticker_url, trend, group_fk, round_fk, team_one_fk, team_two_fk) VALUES(1, 1, NULL, NULL, NULL, NULL, NULL, NULL, '', NULL, NULL, '', '2018-06-14 17:00:00', 0, '', '', NULL, 1, 1, 1, 2);
INSERT INTO t_match (id, competition_fk, auto_knockout_pos_team_one_fk, auto_knockout_pos_team_two_fk, auto_knockout_group_team_one_fk, auto_knockout_group_team_two_fk, auto_knockout_team_one_fk, auto_knockout_team_two_fk, description, goals_team_one, goals_team_two, name, start_date, Status, ticker_match_id, ticker_url, trend, group_fk, round_fk, team_one_fk, team_two_fk) VALUES(2, 1, NULL, NULL, NULL, NULL, NULL, NULL, '', NULL, NULL, '', '2018-06-15 14:00:00', 0, '', '', NULL, 1, 1, 3, 4);
INSERT INTO t_match (id, competition_fk, auto_knockout_pos_team_one_fk, auto_knockout_pos_team_two_fk, auto_knockout_group_team_one_fk, auto_knockout_group_team_two_fk, auto_knockout_team_one_fk, auto_knockout_team_two_fk, description, goals_team_one, goals_team_two, name, start_date, Status, ticker_match_id, ticker_url, trend, group_fk, round_fk, team_one_fk, team_two_fk) VALUES(3, 1, NULL, NULL, NULL, NULL, NULL, NULL, '', NULL, NULL, '', '2018-06-15 17:00:00', 0, '', '', NULL, 2, 1, 7, 8);
INSERT INTO t_match (id, competition_fk, auto_knockout_pos_team_one_fk, auto_knockout_pos_team_two_fk, auto_knockout_group_team_one_fk, auto_knockout_group_team_two_fk, auto_knockout_team_one_fk, auto_knockout_team_two_fk, description, goals_team_one, goals_team_two, name, start_date, Status, ticker_match_id, ticker_url, trend, group_fk, round_fk, team_one_fk, team_two_fk) VALUES(4, 1, NULL, NULL, NULL, NULL, NULL, NULL, '', NULL, NULL, '', '2018-06-15 20:00:00', 0, '', '', NULL, 2, 1, 5, 6);
INSERT INTO t_match (id, competition_fk, auto_knockout_pos_team_one_fk, auto_knockout_pos_team_two_fk, auto_knockout_group_team_one_fk, auto_knockout_group_team_two_fk, auto_knockout_team_one_fk, auto_knockout_team_two_fk, description, goals_team_one, goals_team_two, name, start_date, Status, ticker_match_id, ticker_url, trend, group_fk, round_fk, team_one_fk, team_two_fk) VALUES(5, 1, NULL, NULL, NULL, NULL, NULL, NULL, '', NULL, NULL, '', '2018-06-16 12:00:00', 0, '', '', NULL, 3, 1, 9, 10);
INSERT INTO t_match (id, competition_fk, auto_knockout_pos_team_one_fk, auto_knockout_pos_team_two_fk, auto_knockout_group_team_one_fk, auto_knockout_group_team_two_fk, auto_knockout_team_one_fk, auto_knockout_team_two_fk, description, goals_team_one, goals_team_two, name, start_date, Status, ticker_match_id, ticker_url, trend, group_fk, round_fk, team_one_fk, team_two_fk) VALUES(6, 1, NULL, NULL, NULL, NULL, NULL, NULL, '', NULL, NULL, '', '2018-06-16 15:00:00', 0, '', '', NULL, 4, 1, 13, 14);
INSERT INTO t_match (id, competition_fk, auto_knockout_pos_team_one_fk, auto_knockout_pos_team_two_fk, auto_knockout_group_team_one_fk, auto_knockout_group_team_two_fk, auto_knockout_team_one_fk, auto_knockout_team_two_fk, description, goals_team_one, goals_team_two, name, start_date, Status, ticker_match_id, ticker_url, trend, group_fk, round_fk, team_one_fk, team_two_fk) VALUES(7, 1, NULL, NULL, NULL, NULL, NULL, NULL, '', NULL, NULL, '', '2018-06-16 18:00:00', 0, '', '', NULL, 3, 1, 11, 12);
INSERT INTO t_match (id, competition_fk, auto_knockout_pos_team_one_fk, auto_knockout_pos_team_two_fk, auto_knockout_group_team_one_fk, auto_knockout_group_team_two_fk, auto_knockout_team_one_fk, auto_knockout_team_two_fk, description, goals_team_one, goals_team_two, name, start_date, Status, ticker_match_id, ticker_url, trend, group_fk, round_fk, team_one_fk, team_two_fk) VALUES(8, 1, NULL, NULL, NULL, NULL, NULL, NULL, '', NULL, NULL, '', '2018-06-16 21:00:00', 0, '', '', NULL, 4, 1, 15, 16);
INSERT INTO t_match (id, competition_fk, auto_knockout_pos_team_one_fk, auto_knockout_pos_team_two_fk, auto_knockout_group_team_one_fk, auto_knockout_group_team_two_fk, auto_knockout_team_one_fk, auto_knockout_team_two_fk, description, goals_team_one, goals_team_two, name, start_date, Status, ticker_match_id, ticker_url, trend, group_fk, round_fk, team_one_fk, team_two_fk) VALUES(9, 1, NULL, NULL, NULL, NULL, NULL, NULL, '', NULL, NULL, '', '2018-06-17 14:00:00', 0, '', '', NULL, 5, 1, 19, 20);
INSERT INTO t_match (id, competition_fk, auto_knockout_pos_team_one_fk, auto_knockout_pos_team_two_fk, auto_knockout_group_team_one_fk, auto_knockout_group_team_two_fk, auto_knockout_team_one_fk, auto_knockout_team_two_fk, description, goals_team_one, goals_team_two, name, start_date, Status, ticker_match_id, ticker_url, trend, group_fk, round_fk, team_one_fk, team_two_fk) VALUES(10, 1, NULL, NULL, NULL, NULL, NULL, NULL, '', NULL, NULL, '', '2018-06-17 17:00:00', 0, '', '', NULL, 6, 1, 21, 22);
INSERT INTO t_match (id, competition_fk, auto_knockout_pos_team_one_fk, auto_knockout_pos_team_two_fk, auto_knockout_group_team_one_fk, auto_knockout_group_team_two_fk, auto_knockout_team_one_fk, auto_knockout_team_two_fk, description, goals_team_one, goals_team_two, name, start_date, Status, ticker_match_id, ticker_url, trend, group_fk, round_fk, team_one_fk, team_two_fk) VALUES(11, 1, NULL, NULL, NULL, NULL, NULL, NULL, '', NULL, NULL, '', '2018-06-17 20:00:00', 0, '', '', NULL, 5, 1, 17, 18);
INSERT INTO t_match (id, competition_fk, auto_knockout_pos_team_one_fk, auto_knockout_pos_team_two_fk, auto_knockout_group_team_one_fk, auto_knockout_group_team_two_fk, auto_knockout_team_one_fk, auto_knockout_team_two_fk, description, goals_team_one, goals_team_two, name, start_date, Status, ticker_match_id, ticker_url, trend, group_fk, round_fk, team_one_fk, team_two_fk) VALUES(12, 1, NULL, NULL, NULL, NULL, NULL, NULL, '', NULL, NULL, '', '2018-06-18 14:00:00', 0, '', '', NULL, 6, 1, 23, 24);
INSERT INTO t_match (id, competition_fk, auto_knockout_pos_team_one_fk, auto_knockout_pos_team_two_fk, auto_knockout_group_team_one_fk, auto_knockout_group_team_two_fk, auto_knockout_team_one_fk, auto_knockout_team_two_fk, description, goals_team_one, goals_team_two, name, start_date, Status, ticker_match_id, ticker_url, trend, group_fk, round_fk, team_one_fk, team_two_fk) VALUES(13, 1, NULL, NULL, NULL, NULL, NULL, NULL, '', NULL, NULL, '', '2018-06-18 17:00:00', 0, '', '', NULL, 7, 1, 25, 26);
INSERT INTO t_match (id, competition_fk, auto_knockout_pos_team_one_fk, auto_knockout_pos_team_two_fk, auto_knockout_group_team_one_fk, auto_knockout_group_team_two_fk, auto_knockout_team_one_fk, auto_knockout_team_two_fk, description, goals_team_one, goals_team_two, name, start_date, Status, ticker_match_id, ticker_url, trend, group_fk, round_fk, team_one_fk, team_two_fk) VALUES(14, 1, NULL, NULL, NULL, NULL, NULL, NULL, '', NULL, NULL, '', '2018-06-18 20:00:00', 0, '', '', NULL, 7, 1, 27, 28);
INSERT INTO t_match (id, competition_fk, auto_knockout_pos_team_one_fk, auto_knockout_pos_team_two_fk, auto_knockout_group_team_one_fk, auto_knockout_group_team_two_fk, auto_knockout_team_one_fk, auto_knockout_team_two_fk, description, goals_team_one, goals_team_two, name, start_date, Status, ticker_match_id, ticker_url, trend, group_fk, round_fk, team_one_fk, team_two_fk) VALUES(15, 1, NULL, NULL, NULL, NULL, NULL, NULL, '', NULL, NULL, '', '2018-06-19 19:00:00', 0, '', '', NULL, 8, 1, 31, 32);
INSERT INTO t_match (id, competition_fk, auto_knockout_pos_team_one_fk, auto_knockout_pos_team_two_fk, auto_knockout_group_team_one_fk, auto_knockout_group_team_two_fk, auto_knockout_team_one_fk, auto_knockout_team_two_fk, description, goals_team_one, goals_team_two, name, start_date, Status, ticker_match_id, ticker_url, trend, group_fk, round_fk, team_one_fk, team_two_fk) VALUES(16, 1, NULL, NULL, NULL, NULL, NULL, NULL, '', NULL, NULL, '', '2018-06-19 17:00:00', 0, '', '', NULL, 8, 1, 29, 30);
INSERT INTO t_match (id, competition_fk, auto_knockout_pos_team_one_fk, auto_knockout_pos_team_two_fk, auto_knockout_group_team_one_fk, auto_knockout_group_team_two_fk, auto_knockout_team_one_fk, auto_knockout_team_two_fk, description, goals_team_one, goals_team_two, name, start_date, Status, ticker_match_id, ticker_url, trend, group_fk, round_fk, team_one_fk, team_two_fk) VALUES(17, 1, NULL, NULL, NULL, NULL, NULL, NULL, '', NULL, NULL, '', '2018-06-19 20:00:00', 0, '', '', NULL, 1, 1, 1, 3);
INSERT INTO t_match (id, competition_fk, auto_knockout_pos_team_one_fk, auto_knockout_pos_team_two_fk, auto_knockout_group_team_one_fk, auto_knockout_group_team_two_fk, auto_knockout_team_one_fk, auto_knockout_team_two_fk, description, goals_team_one, goals_team_two, name, start_date, Status, ticker_match_id, ticker_url, trend, group_fk, round_fk, team_one_fk, team_two_fk) VALUES(18, 1, NULL, NULL, NULL, NULL, NULL, NULL, '', NULL, NULL, '', '2018-06-20 14:00:00', 0, '', '', NULL, 2, 1, 5, 7);
INSERT INTO t_match (id, competition_fk, auto_knockout_pos_team_one_fk, auto_knockout_pos_team_two_fk, auto_knockout_group_team_one_fk, auto_knockout_group_team_two_fk, auto_knockout_team_one_fk, auto_knockout_team_two_fk, description, goals_team_one, goals_team_two, name, start_date, Status, ticker_match_id, ticker_url, trend, group_fk, round_fk, team_one_fk, team_two_fk) VALUES(19, 1, NULL, NULL, NULL, NULL, NULL, NULL, '', NULL, NULL, '', '2018-06-20 17:00:00', 0, '', '', NULL, 1, 1, 4, 2);
INSERT INTO t_match (id, competition_fk, auto_knockout_pos_team_one_fk, auto_knockout_pos_team_two_fk, auto_knockout_group_team_one_fk, auto_knockout_group_team_two_fk, auto_knockout_team_one_fk, auto_knockout_team_two_fk, description, goals_team_one, goals_team_two, name, start_date, Status, ticker_match_id, ticker_url, trend, group_fk, round_fk, team_one_fk, team_two_fk) VALUES(20, 1, NULL, NULL, NULL, NULL, NULL, NULL, '', NULL, NULL, '', '2018-06-20 20:00:00', 0, '', '', NULL, 2, 1, 8, 6);
INSERT INTO t_match (id, competition_fk, auto_knockout_pos_team_one_fk, auto_knockout_pos_team_two_fk, auto_knockout_group_team_one_fk, auto_knockout_group_team_two_fk, auto_knockout_team_one_fk, auto_knockout_team_two_fk, description, goals_team_one, goals_team_two, name, start_date, Status, ticker_match_id, ticker_url, trend, group_fk, round_fk, team_one_fk, team_two_fk) VALUES(21, 1, NULL, NULL, NULL, NULL, NULL, NULL, '', NULL, NULL, '', '2018-06-21 14:00:00', 0, '', '', NULL, 3, 1, 12, 10);
INSERT INTO t_match (id, competition_fk, auto_knockout_pos_team_one_fk, auto_knockout_pos_team_two_fk, auto_knockout_group_team_one_fk, auto_knockout_group_team_two_fk, auto_knockout_team_one_fk, auto_knockout_team_two_fk, description, goals_team_one, goals_team_two, name, start_date, Status, ticker_match_id, ticker_url, trend, group_fk, round_fk, team_one_fk, team_two_fk) VALUES(22, 1, NULL, NULL, NULL, NULL, NULL, NULL, '', NULL, NULL, '', '2018-06-21 17:00:00', 0, '', '', NULL, 3, 1, 9, 11);
INSERT INTO t_match (id, competition_fk, auto_knockout_pos_team_one_fk, auto_knockout_pos_team_two_fk, auto_knockout_group_team_one_fk, auto_knockout_group_team_two_fk, auto_knockout_team_one_fk, auto_knockout_team_two_fk, description, goals_team_one, goals_team_two, name, start_date, Status, ticker_match_id, ticker_url, trend, group_fk, round_fk, team_one_fk, team_two_fk) VALUES(23, 1, NULL, NULL, NULL, NULL, NULL, NULL, '', NULL, NULL, '', '2018-06-21 20:00:00', 0, '', '', NULL, 4, 1, 13, 15);
INSERT INTO t_match (id, competition_fk, auto_knockout_pos_team_one_fk, auto_knockout_pos_team_two_fk, auto_knockout_group_team_one_fk, auto_knockout_group_team_two_fk, auto_knockout_team_one_fk, auto_knockout_team_two_fk, description, goals_team_one, goals_team_two, name, start_date, Status, ticker_match_id, ticker_url, trend, group_fk, round_fk, team_one_fk, team_two_fk) VALUES(24, 1, NULL, NULL, NULL, NULL, NULL, NULL, '', NULL, NULL, '', '2018-06-22 14:00:00', 0, '', '', NULL, 5, 1, 17, 19);
INSERT INTO t_match (id, competition_fk, auto_knockout_pos_team_one_fk, auto_knockout_pos_team_two_fk, auto_knockout_group_team_one_fk, auto_knockout_group_team_two_fk, auto_knockout_team_one_fk, auto_knockout_team_two_fk, description, goals_team_one, goals_team_two, name, start_date, Status, ticker_match_id, ticker_url, trend, group_fk, round_fk, team_one_fk, team_two_fk) VALUES(25, 1, NULL, NULL, NULL, NULL, NULL, NULL, '', NULL, NULL, '', '2018-06-22 17:00:00', 0, '', '', NULL, 4, 1, 16, 14);
INSERT INTO t_match (id, competition_fk, auto_knockout_pos_team_one_fk, auto_knockout_pos_team_two_fk, auto_knockout_group_team_one_fk, auto_knockout_group_team_two_fk, auto_knockout_team_one_fk, auto_knockout_team_two_fk, description, goals_team_one, goals_team_two, name, start_date, Status, ticker_match_id, ticker_url, trend, group_fk, round_fk, team_one_fk, team_two_fk) VALUES(26, 1, NULL, NULL, NULL, NULL, NULL, NULL, '', NULL, NULL, '', '2018-06-22 20:00:00', 0, '', '', NULL, 5, 1, 20, 18);
INSERT INTO t_match (id, competition_fk, auto_knockout_pos_team_one_fk, auto_knockout_pos_team_two_fk, auto_knockout_group_team_one_fk, auto_knockout_group_team_two_fk, auto_knockout_team_one_fk, auto_knockout_team_two_fk, description, goals_team_one, goals_team_two, name, start_date, Status, ticker_match_id, ticker_url, trend, group_fk, round_fk, team_one_fk, team_two_fk) VALUES(27, 1, NULL, NULL, NULL, NULL, NULL, NULL, '', NULL, NULL, '', '2018-06-23 14:00:00', 0, '', '', NULL, 7, 1, 25, 27);
INSERT INTO t_match (id, competition_fk, auto_knockout_pos_team_one_fk, auto_knockout_pos_team_two_fk, auto_knockout_group_team_one_fk, auto_knockout_group_team_two_fk, auto_knockout_team_one_fk, auto_knockout_team_two_fk, description, goals_team_one, goals_team_two, name, start_date, Status, ticker_match_id, ticker_url, trend, group_fk, round_fk, team_one_fk, team_two_fk) VALUES(28, 1, NULL, NULL, NULL, NULL, NULL, NULL, '', NULL, NULL, '', '2018-06-23 17:00:00', 0, '', '', NULL, 6, 1, 24, 22);
INSERT INTO t_match (id, competition_fk, auto_knockout_pos_team_one_fk, auto_knockout_pos_team_two_fk, auto_knockout_group_team_one_fk, auto_knockout_group_team_two_fk, auto_knockout_team_one_fk, auto_knockout_team_two_fk, description, goals_team_one, goals_team_two, name, start_date, Status, ticker_match_id, ticker_url, trend, group_fk, round_fk, team_one_fk, team_two_fk) VALUES(29, 1, NULL, NULL, NULL, NULL, NULL, NULL, '', NULL, NULL, '', '2018-06-23 20:00:00', 0, '', '', NULL, 6, 1, 21, 23);
INSERT INTO t_match (id, competition_fk, auto_knockout_pos_team_one_fk, auto_knockout_pos_team_two_fk, auto_knockout_group_team_one_fk, auto_knockout_group_team_two_fk, auto_knockout_team_one_fk, auto_knockout_team_two_fk, description, goals_team_one, goals_team_two, name, start_date, Status, ticker_match_id, ticker_url, trend, group_fk, round_fk, team_one_fk, team_two_fk) VALUES(30, 1, NULL, NULL, NULL, NULL, NULL, NULL, '', NULL, NULL, '', '2018-06-24 14:00:00', 0, '', '', NULL, 7, 1, 28, 26);
INSERT INTO t_match (id, competition_fk, auto_knockout_pos_team_one_fk, auto_knockout_pos_team_two_fk, auto_knockout_group_team_one_fk, auto_knockout_group_team_two_fk, auto_knockout_team_one_fk, auto_knockout_team_two_fk, description, goals_team_one, goals_team_two, name, start_date, Status, ticker_match_id, ticker_url, trend, group_fk, round_fk, team_one_fk, team_two_fk) VALUES(31, 1, NULL, NULL, NULL, NULL, NULL, NULL, '', NULL, NULL, '', '2018-06-24 17:00:00', 0, '', '', NULL, 8, 1, 32, 30);
INSERT INTO t_match (id, competition_fk, auto_knockout_pos_team_one_fk, auto_knockout_pos_team_two_fk, auto_knockout_group_team_one_fk, auto_knockout_group_team_two_fk, auto_knockout_team_one_fk, auto_knockout_team_two_fk, description, goals_team_one, goals_team_two, name, start_date, Status, ticker_match_id, ticker_url, trend, group_fk, round_fk, team_one_fk, team_two_fk) VALUES(32, 1, NULL, NULL, NULL, NULL, NULL, NULL, '', NULL, NULL, '', '2018-06-24 20:00:00', 0, '', '', NULL, 8, 1, 29, 31);
INSERT INTO t_match (id, competition_fk, auto_knockout_pos_team_one_fk, auto_knockout_pos_team_two_fk, auto_knockout_group_team_one_fk, auto_knockout_group_team_two_fk, auto_knockout_team_one_fk, auto_knockout_team_two_fk, description, goals_team_one, goals_team_two, name, start_date, Status, ticker_match_id, ticker_url, trend, group_fk, round_fk, team_one_fk, team_two_fk) VALUES(33, 1, NULL, NULL, NULL, NULL, NULL, NULL, '', NULL, NULL, '', '2018-06-25 16:00:00', 0, '', '', NULL, 1, 1, 4, 1);
INSERT INTO t_match (id, competition_fk, auto_knockout_pos_team_one_fk, auto_knockout_pos_team_two_fk, auto_knockout_group_team_one_fk, auto_knockout_group_team_two_fk, auto_knockout_team_one_fk, auto_knockout_team_two_fk, description, goals_team_one, goals_team_two, name, start_date, Status, ticker_match_id, ticker_url, trend, group_fk, round_fk, team_one_fk, team_two_fk) VALUES(34, 1, NULL, NULL, NULL, NULL, NULL, NULL, '', NULL, NULL, '', '2018-06-25 16:00:00', 0, '', '', NULL, 1, 1, 2, 3);
INSERT INTO t_match (id, competition_fk, auto_knockout_pos_team_one_fk, auto_knockout_pos_team_two_fk, auto_knockout_group_team_one_fk, auto_knockout_group_team_two_fk, auto_knockout_team_one_fk, auto_knockout_team_two_fk, description, goals_team_one, goals_team_two, name, start_date, Status, ticker_match_id, ticker_url, trend, group_fk, round_fk, team_one_fk, team_two_fk) VALUES(35, 1, NULL, NULL, NULL, NULL, NULL, NULL, '', NULL, NULL, '', '2018-06-25 20:00:00', 0, '', '', NULL, 2, 1, 6, 7);
INSERT INTO t_match (id, competition_fk, auto_knockout_pos_team_one_fk, auto_knockout_pos_team_two_fk, auto_knockout_group_team_one_fk, auto_knockout_group_team_two_fk, auto_knockout_team_one_fk, auto_knockout_team_two_fk, description, goals_team_one, goals_team_two, name, start_date, Status, ticker_match_id, ticker_url, trend, group_fk, round_fk, team_one_fk, team_two_fk) VALUES(36, 1, NULL, NULL, NULL, NULL, NULL, NULL, '', NULL, NULL, '', '2018-06-25 20:00:00', 0, '', '', NULL, 2, 1, 8, 5);
INSERT INTO t_match (id, competition_fk, auto_knockout_pos_team_one_fk, auto_knockout_pos_team_two_fk, auto_knockout_group_team_one_fk, auto_knockout_group_team_two_fk, auto_knockout_team_one_fk, auto_knockout_team_two_fk, description, goals_team_one, goals_team_two, name, start_date, Status, ticker_match_id, ticker_url, trend, group_fk, round_fk, team_one_fk, team_two_fk) VALUES(37, 1, NULL, NULL, NULL, NULL, NULL, NULL, '', NULL, NULL, '', '2018-06-26 16:00:00', 0, '', '', NULL, 3, 1, 12, 9);
INSERT INTO t_match (id, competition_fk, auto_knockout_pos_team_one_fk, auto_knockout_pos_team_two_fk, auto_knockout_group_team_one_fk, auto_knockout_group_team_two_fk, auto_knockout_team_one_fk, auto_knockout_team_two_fk, description, goals_team_one, goals_team_two, name, start_date, Status, ticker_match_id, ticker_url, trend, group_fk, round_fk, team_one_fk, team_two_fk) VALUES(38, 1, NULL, NULL, NULL, NULL, NULL, NULL, '', NULL, NULL, '', '2018-06-26 16:00:00', 0, '', '', NULL, 3, 1, 10, 11);
INSERT INTO t_match (id, competition_fk, auto_knockout_pos_team_one_fk, auto_knockout_pos_team_two_fk, auto_knockout_group_team_one_fk, auto_knockout_group_team_two_fk, auto_knockout_team_one_fk, auto_knockout_team_two_fk, description, goals_team_one, goals_team_two, name, start_date, Status, ticker_match_id, ticker_url, trend, group_fk, round_fk, team_one_fk, team_two_fk) VALUES(39, 1, NULL, NULL, NULL, NULL, NULL, NULL, '', NULL, NULL, '', '2018-06-26 20:00:00', 0, '', '', NULL, 4, 1, 14, 15);
INSERT INTO t_match (id, competition_fk, auto_knockout_pos_team_one_fk, auto_knockout_pos_team_two_fk, auto_knockout_group_team_one_fk, auto_knockout_group_team_two_fk, auto_knockout_team_one_fk, auto_knockout_team_two_fk, description, goals_team_one, goals_team_two, name, start_date, Status, ticker_match_id, ticker_url, trend, group_fk, round_fk, team_one_fk, team_two_fk) VALUES(40, 1, NULL, NULL, NULL, NULL, NULL, NULL, '', NULL, NULL, '', '2018-06-26 20:00:00', 0, '', '', NULL, 4, 1, 16, 13);
INSERT INTO t_match (id, competition_fk, auto_knockout_pos_team_one_fk, auto_knockout_pos_team_two_fk, auto_knockout_group_team_one_fk, auto_knockout_group_team_two_fk, auto_knockout_team_one_fk, auto_knockout_team_two_fk, description, goals_team_one, goals_team_two, name, start_date, Status, ticker_match_id, ticker_url, trend, group_fk, round_fk, team_one_fk, team_two_fk) VALUES(41, 1, NULL, NULL, NULL, NULL, NULL, NULL, '', NULL, NULL, '', '2018-06-27 16:00:00', 0, '', '', NULL, 6, 1, 22, 23);
INSERT INTO t_match (id, competition_fk, auto_knockout_pos_team_one_fk, auto_knockout_pos_team_two_fk, auto_knockout_group_team_one_fk, auto_knockout_group_team_two_fk, auto_knockout_team_one_fk, auto_knockout_team_two_fk, description, goals_team_one, goals_team_two, name, start_date, Status, ticker_match_id, ticker_url, trend, group_fk, round_fk, team_one_fk, team_two_fk) VALUES(42, 1, NULL, NULL, NULL, NULL, NULL, NULL, '', NULL, NULL, '', '2018-06-27 16:00:00', 0, '', '', NULL, 6, 1, 24, 21);
INSERT INTO t_match (id, competition_fk, auto_knockout_pos_team_one_fk, auto_knockout_pos_team_two_fk, auto_knockout_group_team_one_fk, auto_knockout_group_team_two_fk, auto_knockout_team_one_fk, auto_knockout_team_two_fk, description, goals_team_one, goals_team_two, name, start_date, Status, ticker_match_id, ticker_url, trend, group_fk, round_fk, team_one_fk, team_two_fk) VALUES(43, 1, NULL, NULL, NULL, NULL, NULL, NULL, '', NULL, NULL, '', '2018-06-27 20:00:00', 0, '', '', NULL, 5, 1, 20, 17);
INSERT INTO t_match (id, competition_fk, auto_knockout_pos_team_one_fk, auto_knockout_pos_team_two_fk, auto_knockout_group_team_one_fk, auto_knockout_group_team_two_fk, auto_knockout_team_one_fk, auto_knockout_team_two_fk, description, goals_team_one, goals_team_two, name, start_date, Status, ticker_match_id, ticker_url, trend, group_fk, round_fk, team_one_fk, team_two_fk) VALUES(44, 1, NULL, NULL, NULL, NULL, NULL, NULL, '', NULL, NULL, '', '2018-06-27 20:00:00', 0, '', '', NULL, 5, 1, 18, 19);
INSERT INTO t_match (id, competition_fk, auto_knockout_pos_team_one_fk, auto_knockout_pos_team_two_fk, auto_knockout_group_team_one_fk, auto_knockout_group_team_two_fk, auto_knockout_team_one_fk, auto_knockout_team_two_fk, description, goals_team_one, goals_team_two, name, start_date, Status, ticker_match_id, ticker_url, trend, group_fk, round_fk, team_one_fk, team_two_fk) VALUES(45, 1, NULL, NULL, NULL, NULL, NULL, NULL, '', NULL, NULL, '', '2018-06-28 16:00:00', 0, '', '', NULL, 8, 1, 30, 31);
INSERT INTO t_match (id, competition_fk, auto_knockout_pos_team_one_fk, auto_knockout_pos_team_two_fk, auto_knockout_group_team_one_fk, auto_knockout_group_team_two_fk, auto_knockout_team_one_fk, auto_knockout_team_two_fk, description, goals_team_one, goals_team_two, name, start_date, Status, ticker_match_id, ticker_url, trend, group_fk, round_fk, team_one_fk, team_two_fk) VALUES(46, 1, NULL, NULL, NULL, NULL, NULL, NULL, '', NULL, NULL, '', '2018-06-28 16:00:00', 0, '', '', NULL, 8, 1, 32, 29);
INSERT INTO t_match (id, competition_fk, auto_knockout_pos_team_one_fk, auto_knockout_pos_team_two_fk, auto_knockout_group_team_one_fk, auto_knockout_group_team_two_fk, auto_knockout_team_one_fk, auto_knockout_team_two_fk, description, goals_team_one, goals_team_two, name, start_date, Status, ticker_match_id, ticker_url, trend, group_fk, round_fk, team_one_fk, team_two_fk) VALUES(47, 1, NULL, NULL, NULL, NULL, NULL, NULL, '', NULL, NULL, '', '2018-06-28 20:00:00', 0, '', '', NULL, 7, 1, 28, 25);
INSERT INTO t_match (id, competition_fk, auto_knockout_pos_team_one_fk, auto_knockout_pos_team_two_fk, auto_knockout_group_team_one_fk, auto_knockout_group_team_two_fk, auto_knockout_team_one_fk, auto_knockout_team_two_fk, description, goals_team_one, goals_team_two, name, start_date, Status, ticker_match_id, ticker_url, trend, group_fk, round_fk, team_one_fk, team_two_fk) VALUES(48, 1, NULL, NULL, NULL, NULL, NULL, NULL, '', NULL, NULL, '', '2018-06-28 20:00:00', 0, '', '', NULL, 7, 1, 26, 27);
INSERT INTO t_match (id, competition_fk, auto_knockout_pos_team_one_fk, auto_knockout_pos_team_two_fk, auto_knockout_group_team_one_fk, auto_knockout_group_team_two_fk, auto_knockout_team_one_fk, auto_knockout_team_two_fk, description, goals_team_one, goals_team_two, name, start_date, Status, ticker_match_id, ticker_url, trend, group_fk, round_fk, team_one_fk, team_two_fk) VALUES(49, 1, 1, 2, 3, 4, NULL, NULL, '', NULL, NULL, 'Achtelfinale 1', '2018-06-30 16:00:00', 0, '', '', NULL, NULL, 2, NULL, NULL);
INSERT INTO t_match (id, competition_fk, auto_knockout_pos_team_one_fk, auto_knockout_pos_team_two_fk, auto_knockout_group_team_one_fk, auto_knockout_group_team_two_fk, auto_knockout_team_one_fk, auto_knockout_team_two_fk, description, goals_team_one, goals_team_two, name, start_date, Status, ticker_match_id, ticker_url, trend, group_fk, round_fk, team_one_fk, team_two_fk) VALUES(50, 1, 1, 2, 1, 2, NULL, NULL, '', NULL, NULL, 'Achtelfinale 2', '2018-06-30 20:00:00', 0, '', '', NULL, NULL, 2, NULL, NULL);
INSERT INTO t_match (id, competition_fk, auto_knockout_pos_team_one_fk, auto_knockout_pos_team_two_fk, auto_knockout_group_team_one_fk, auto_knockout_group_team_two_fk, auto_knockout_team_one_fk, auto_knockout_team_two_fk, description, goals_team_one, goals_team_two, name, start_date, Status, ticker_match_id, ticker_url, trend, group_fk, round_fk, team_one_fk, team_two_fk) VALUES(51, 1, 1, 2, 2, 1, NULL, NULL, '', NULL, NULL, 'Achtelfinale 3', '2018-07-01 16:00:00', 0, '', '', NULL, NULL, 2, NULL, NULL);
INSERT INTO t_match (id, competition_fk, auto_knockout_pos_team_one_fk, auto_knockout_pos_team_two_fk, auto_knockout_group_team_one_fk, auto_knockout_group_team_two_fk, auto_knockout_team_one_fk, auto_knockout_team_two_fk, description, goals_team_one, goals_team_two, name, start_date, Status, ticker_match_id, ticker_url, trend, group_fk, round_fk, team_one_fk, team_two_fk) VALUES(52, 1, 1, 2, 4, 3, NULL, NULL, '', NULL, NULL, 'Achtelfinale 4', '2018-07-01 20:00:00', 0, '', '', NULL, NULL, 2, NULL, NULL);
INSERT INTO t_match (id, competition_fk, auto_knockout_pos_team_one_fk, auto_knockout_pos_team_two_fk, auto_knockout_group_team_one_fk, auto_knockout_group_team_two_fk, auto_knockout_team_one_fk, auto_knockout_team_two_fk, description, goals_team_one, goals_team_two, name, start_date, Status, ticker_match_id, ticker_url, trend, group_fk, round_fk, team_one_fk, team_two_fk) VALUES(53, 1, 1, 2, 5, 6, NULL, NULL, '', NULL, NULL, 'Achtelfinale 5', '2018-07-02 16:00:00', 0, '', '', NULL, NULL, 2, NULL, NULL);
INSERT INTO t_match (id, competition_fk, auto_knockout_pos_team_one_fk, auto_knockout_pos_team_two_fk, auto_knockout_group_team_one_fk, auto_knockout_group_team_two_fk, auto_knockout_team_one_fk, auto_knockout_team_two_fk, description, goals_team_one, goals_team_two, name, start_date, Status, ticker_match_id, ticker_url, trend, group_fk, round_fk, team_one_fk, team_two_fk) VALUES(54, 1, 1, 2, 7, 8, NULL, NULL, '', NULL, NULL, 'Achtelfinale 6', '2018-07-02 20:00:00', 0, '', '', NULL, NULL, 2, NULL, NULL);
INSERT INTO t_match (id, competition_fk, auto_knockout_pos_team_one_fk, auto_knockout_pos_team_two_fk, auto_knockout_group_team_one_fk, auto_knockout_group_team_two_fk, auto_knockout_team_one_fk, auto_knockout_team_two_fk, description, goals_team_one, goals_team_two, name, start_date, Status, ticker_match_id, ticker_url, trend, group_fk, round_fk, team_one_fk, team_two_fk) VALUES(55, 1, 1, 2, 6, 5, NULL, NULL, '', NULL, NULL, 'Achtelfinale 7', '2018-07-03 16:00:00', 0, '', '', NULL, NULL, 2, NULL, NULL);
INSERT INTO t_match (id, competition_fk, auto_knockout_pos_team_one_fk, auto_knockout_pos_team_two_fk, auto_knockout_group_team_one_fk, auto_knockout_group_team_two_fk, auto_knockout_team_one_fk, auto_knockout_team_two_fk, description, goals_team_one, goals_team_two, name, start_date, Status, ticker_match_id, ticker_url, trend, group_fk, round_fk, team_one_fk, team_two_fk) VALUES(56, 1, 1, 2, 8, 7, NULL, NULL, '', NULL, NULL, 'Achtelfinale 8', '2018-07-03 20:00:00', 0, '', '', NULL, NULL, 2, NULL, NULL);
INSERT INTO t_match (id, competition_fk, auto_knockout_pos_team_one_fk, auto_knockout_pos_team_two_fk, auto_knockout_group_team_one_fk, auto_knockout_group_team_two_fk, auto_knockout_team_one_fk, auto_knockout_team_two_fk, description, goals_team_one, goals_team_two, name, start_date, Status, ticker_match_id, ticker_url, trend, group_fk, round_fk, team_one_fk, team_two_fk) VALUES(57, 1, NULL, NULL, NULL, NULL, NULL, NULL, '', NULL, NULL, 'Viertelfinale 1', '2018-07-06 16:00:00', 0, '', '', NULL, NULL, 3, NULL, NULL);

INSERT INTO player (ID, EMAIL, FIRST_NAME, LAST_ACTIVITY, LOGIN, NAME, PASSWORD, PHONE) VALUES (1, '', 'System', null, 'system', 'Admin', 'ffb4a1d65b754cb176a332e97c649ba7d2dfedcd', '');

INSERT INTO player_context (ID, CORRECT_TIPS, CORRECT_TRENDS, FEE_PAID, SCORE, TIPS_VISIBLE, USER_ROLE, COMMUNITY_ID, PLAYER_ID, PREDICTED_CHAMPION) VALUES (1, 0, 0, TRUE, 0, TRUE, 'SYSTEM_ADMIN', 1, 1, 1);